{"cameraMode":{"drawMode":0,"name":"Shaded","section":"Shading Mode"},"sceneLighting":false,"audioPlay":false,"sceneViewState":{"showFog":false,"showMaterialUpdate":false,"showSkybox":false,"showFlares":false,"showImageEffects":false,"showParticleSystems":false},"in2DMode":false,"pivot":{"x":-0.1550000160932541,"y":2.015000104904175,"z":-0.1550000160932541},"rotation":{"x":0.11312653869390488,"y":-0.6908186078071594,"z":0.11077536642551422,"w":0.7054803967475891},"size":8.844539642333985,"orthographic":true}