{"cameraMode":{"drawMode":0,"name":"Shaded","section":"Shading Mode"},"sceneLighting":false,"audioPlay":false,"sceneViewState":{"showFog":false,"showMaterialUpdate":false,"showSkybox":false,"showFlares":false,"showImageEffects":false,"showParticleSystems":false},"in2DMode":false,"pivot":{"x":0.6600000858306885,"y":1.0,"z":-12.100000381469727},"rotation":{"x":-0.031010979786515237,"y":-0.17451418936252595,"z":-0.005499011371284723,"w":0.9841524958610535},"size":5.7157673835754398,"orthographic":false}