{"cameraMode":{"drawMode":0,"name":"Shaded","section":"Shading Mode"},"sceneLighting":false,"audioPlay":false,"sceneViewState":{"showFog":false,"showMaterialUpdate":false,"showSkybox":false,"showFlares":false,"showImageEffects":false,"showParticleSystems":false},"in2DMode":false,"pivot":{"x":-1.392848014831543,"y":2.5490002632141115,"z":-18.296281814575197},"rotation":{"x":0.18837381899356843,"y":-0.6856886148452759,"z":0.19087816774845124,"w":0.6766939759254456},"size":1.7289419174194337,"orthographic":false}